id,name,date,bulgarian_commander,latin_commander,result
1,Battle of Adrianople,14 April 1205,Kaloyan,Baldwin I,Bulgarian victory
2,Battle of Serres,June 1205,Kaloyan,Unknown,Bulgarian victory
3,Battle of Rusion,31 January 1206,Kaloyan,Thierry de Termond,Bulgarian victory
4,Battle of Rodosto,February 1206,Kaloyan,Unknown,Bulgarian victory
5,Battle of Messinopolis,4 September 1207,Unknown,Boniface of Montferrat,Bulgarian victory
6,Battle of Boruy,June 1205,Boril,Henry I,Bulgarian victory
7,Battle of Philippopolis,31 June 1208,Boril,Henry I,Latin victory
8,Siege of Constantinople,1235,Ivan Asen II,John of Brienne,Two Year Truce
