ID,name,dept_name,tot_cred
24746,Schrefl,History,4
79352,Rumat,Finance,100
76672,Miliko,Statistics,116
14182,Moszkowski,Civil Eng.,73
44985,Prieto,Biology,91
96052,Marcol,Cybernetics,15
35175,Quimby,History,4
44271,Sowerby,English,108
40897,Coppens,Math,58
92839,Cirsto,Math,115
79329,Velikovs,Marketing,110
97101,Marek,Psychology,53
24865,Tran-,Marketing,116
36052,Guerra,Elec. Eng.,59
98940,Hawthorne,Marketing,78
21395,Leuen,Math,43
55859,Eguchi,Astronomy,14
74016,Moei,Elec. Eng.,15
93061,Alfaro,Elec. Eng.,69
94998,Krishnakumar,Physics,81
30772,Inoue,Math,18
1968,Sahm,Finance,4
90567,Tomason,Pol. Sci.,118
49611,Karande,Astronomy,57
81538,Wunderli,Languages,117
68999,Greve,Psychology,113
74639,Cerime,Accounting,35
66054,Crick,Comp. Sci.,86
792,Hashimoto,Athletics,102
60267,Dage,Physics,7
17769,Pearlman,Biology,45
39580,Macias,Psychology,128
89106,Dawson,Mech. Eng.,88
37856,Gay,Statistics,92
58307,Tiamp,Pol. Sci.,63
57985,Weller,Geology,45
72014,Kee,Languages,57
2795,Milner,Finance,8
89000,Guthk,Finance,80
46442,Kagd,Cybernetics,61
60040,Samel,Math,100
19791,Vanrell,Comp. Sci.,61
4582,Zaniolo,Math,0
108,Dhav,Biology,80
1533,She,Statistics,29
7123,Holn,Math,27
44584,Agar,Geology,58
32954,Curutchet,Languages,121
98056,Di,Civil Eng.,81
76953,Lemoine,Athletics,60
81884,Kereth,Accounting,96
22057,Cal,Cybernetics,20
21126,McCarter,Cybernetics,38
82918,Yemini,Statistics,43
4173,Erol,Statistics,21
83022,Chyr,Math,10
25525,Moreira,Comp. Sci.,107
75040,Kruglyak,Pol. Sci.,99
31624,Keuk,Geology,107
64893,Katzenb,Statistics,78
59920,Dano,Civil Eng.,16
38602,Torres,Cybernetics,108
21401,Garze,Physics,92
93004,Gibbs,Finance,129
38899,Murphy,Marketing,30
75241,Hughes,Languages,79
98830,Frolova,Comp. Sci.,13
37101,Falconer,Physics,78
4508,Cochran,English,127
32130,Bannac,Biology,56
56755,Paul,Mech. Eng.,62
11510,Rakoj,Mech. Eng.,37
3335,Otterm,Finance,73
61081,Bai,Geology,100
33651,Seike,Geology,2
8251,Kite,History,47
10705,Terauchi,Physics,48
64082,Boyle,Languages,87
59517,Harrison,Elec. Eng.,81
91569,Pavlovico,Marketing,90
88085,Bouamama,Comp. Sci.,8
96722,Liley,English,34
36379,Triebel,Comp. Sci.,115
69581,Prabhakaran,Statistics,26
65329,Benson,Mech. Eng.,63
49214,Vogel,Psychology,46
64155,Midu,Languages,33
58594,Ivanov,Finance,11
71904,Boldin,Mech. Eng.,89
69241,Kannan,Athletics,99
58889,Collet,Geology,76
30341,Anse,History,58
70688,Ishihara,Elec. Eng.,86
81258,Nirenbu,History,102
63090,Hoov,Math,118
70572,Andrews,Psychology,7
58413,Xiong,Athletics,27
93171,Carey,Marketing,56
35138,Corbac,Mech. Eng.,86
77289,Kok,Geology,57
93571,Kato,Psychology,0
14554,Ramadan,Psychology,96
46725,Richi,Statistics,18
99730,Courtney,English,99
10527,Kieras,Physics,128
898,Heilprin,Accounting,88
64297,Desp,Athletics,95
10204,Mediratta,Geology,112
36926,Kamae,Civil Eng.,87
49618,Stone,Languages,60
34329,Malcher,English,32
84410,Bae,Psychology,71
29435,Siddiqi,Psychology,86
62636,Soni,Geology,4
8483,Luk,Elec. Eng.,53
2177,Cheah,Astronomy,15
43348,Venturini,Mech. Eng.,94
37430,Norman,Languages,35
37586,Valtchev,Biology,19
55238,Thadani,Physics,75
34404,Fries,History,48
59539,Madden,Civil Eng.,4
43123,Shim,Geology,69
19582,Canas,Finance,7
88553,Levine,Pol. Sci.,51
5898,Dahl,Languages,28
2419,Hirakuri,Mech. Eng.,49
31516,Hassine,Elec. Eng.,49
3487,Deshpande,Languages,6
66269,Hsueh,Accounting,43
54622,Yu,Statistics,107
19638,Dawson,Cybernetics,107
88418,Slaw,Elec. Eng.,112
86802,Hameed,Mech. Eng.,47
63361,Djurd,Languages,36
6367,Doisy,Pol. Sci.,66
84239,Jordan,Languages,20
4940,Rhyne,Mech. Eng.,102
90663,Sram,Comp. Sci.,119
38476,Rzecz,Pol. Sci.,129
96003,Nakajima,Astronomy,95
64914,Lembr,Finance,17
41599,Meneses,Geology,40
22226,Kinney,Biology,116
96153,Sawah,Pol. Sci.,67
44998,Borrus,Civil Eng.,79
74163,Chettao,Marketing,115
75046,Hamagi,Marketing,101
97679,Sacchi,Psychology,102
94894,Kozlov,Accounting,27
44881,Harshman,Cybernetics,59
98619,Nagaraj,Civil Eng.,61
86753,Leister,History,81
87054,Dietzsch,Statistics,91
39046,Narasimhamu,Math,121
29031,Berthold,English,85
97355,Ratcliff,Languages,60
24010,Brookh,Comp. Sci.,65
21789,Bates,History,118
52157,Nagle,Astronomy,52
64938,Kaep,Civil Eng.,126
94535,Nishida,History,127
58595,Cronin,Physics,100
72979,Guix,Astronomy,117
32506,Suzuki,Astronomy,86
31690,Bondi,Comp. Sci.,110
87044,McDonald,Accounting,87
34236,Maalej,Math,80
18808,Snif,Mech. Eng.,116
91063,Dair,Civil Eng.,105
48462,Wolf,Civil Eng.,19
41965,Boden,Cybernetics,87
31137,Porter,Statistics,36
7602,Ingram,Geology,71
84845,Zuo,Comp. Sci.,81
28252,Pfister,Finance,6
10736,Veselovsky,Elec. Eng.,62
58465,Romeo,Elec. Eng.,76
64140,Tiroz,Athletics,118
6523,Karlsson,Civil Eng.,1
64067,Mennif,Languages,8
99399,Duan,Astronomy,96
21337,Goualh,Marketing,46
15457,Arinb,Physics,123
26102,Tanaka,Statistics,118
31337,Graziano,Elec. Eng.,29
67425,Cooper,Athletics,51
48640,Brown,History,33
72741,Weiss,Astronomy,22
29803,Beavis,Accounting,76
38895,Beuthel,Biology,70
49391,Rammer,Marketing,15
13741,Grieng,Psychology,122
59538,Kothari,Accounting,125
9360,Mukai,Marketing,36
53728,Eck,Statistics,61
77898,Yap,Marketing,10
32419,Sahani,Civil Eng.,48
37521,Mes,Biology,9
97065,Gandhi,Languages,22
80057,Szczerban,Biology,101
1826,Dhav,Astronomy,8
80285,Karv,Cybernetics,93
72959,Audeh,Elec. Eng.,43
41751,Kaufman,Pol. Sci.,13
11604,Neff,Pol. Sci.,39
41827,Chriso,Languages,89
8853,Warner,Mech. Eng.,69
9440,Gierl,Psychology,9
1884,Masini,Marketing,89
41774,Tassel,Languages,7
32385,Park,Civil Eng.,120
336,Constantinescu,Finance,61
82688,Rote,Cybernetics,33
66090,Brochhause,Pol. Sci.,53
4182,Powals,Languages,102
20099,Lewis,Mech. Eng.,46
81028,Perna,Pol. Sci.,105
27556,Leitner,Astronomy,82
65258,Tian,Comp. Sci.,3
29239,Simmel,Astronomy,107
54508,Gregga,Physics,41
37449,Ssu,Pol. Sci.,64
16753,Kuwadak,Comp. Sci.,67
82697,Ye,Civil Eng.,71
11422,Saito,Physics,34
59046,Reichl,Elec. Eng.,56
89246,Loyka,History,46
95859,Huft,Physics,33
94173,Winkler,Biology,16
70021,Aydin,Cybernetics,16
92040,Alexandri,Athletics,66
36019,Quaranta,Astronomy,128
40558,Pacie,Finance,101
62549,Komatsu,Comp. Sci.,74
92385,Godfrey,English,34
14214,Yoneda,Cybernetics,129
32245,Saariluoma,Statistics,12
13506,Patrick,Physics,85
26080,Simmel,Biology,80
52872,Chaney,Elec. Eng.,57
28952,Kennedy,Accounting,30
1080,Xue,Languages,94
11095,Schultz,Languages,51
33460,Leonard,Psychology,48
99226,Hao,Civil Eng.,50
52707,Arena,History,73
40189,Holt,Comp. Sci.,104
35721,Suppan,Math,85
6400,Kelly,Astronomy,110
60688,Zander,Accounting,69
18821,Linden,Astronomy,98
65443,Yagit,Finance,78
71630,Heath,Psychology,116
46956,Nallape,Astronomy,6
64259,Busch,Marketing,123
77021,Bollen,Psychology,120
41450,McLeod,Marketing,78
13028,Okano,Geology,89
90381,Chaudhuri,Math,108
9460,Wrzesz,Accounting,99
98423,Alfaro,Physics,101
38691,Theodores,Accounting,37
86806,Unger,Marketing,101
18469,Coppens,Marketing,26
11194,El-Helw,Pol. Sci.,71
19862,Prasad,Pol. Sci.,22
24116,Fauth,Elec. Eng.,10
67021,Chenu,Accounting,73
69752,Tan,English,24
69225,Mejia,History,22
1018,Colin,Civil Eng.,81
7656,Maher,Pol. Sci.,24
35220,Shilv,History,58
79210,Sanchez,Astronomy,14
10814,Waks,Elec. Eng.,56
55698,Choung,Finance,67
49684,Ceze,Civil Eng.,50
59908,Cox,Civil Eng.,0
64724,Deupree,Cybernetics,36
19048,Leuen,Statistics,122
62716,Bocchi,Math,33
95205,Hammond,Athletics,115
40303,Rudolf,Marketing,25
27430,Gonzalez,Cybernetics,75
83953,Jordan,Math,26
4248,Wright,Finance,63
21766,Cox,Astronomy,74
39657,Ryder,Astronomy,80
85366,Erol,Finance,112
93354,Varghese,English,88
77580,Frazin,Civil Eng.,46
92864,Rogers,Accounting,54
57135,Margetts,Marketing,66
1727,Ratcliff,Mech. Eng.,49
91788,Streitf,Cybernetics,56
80420,Bansal,Statistics,69
67810,Forestiero,English,114
86404,Cordt,Marketing,1
16907,Keiss,Accounting,59
46928,Barry,Athletics,108
84702,Lucas,Math,105
91343,Clarkson,Statistics,42
83686,Krasser,Statistics,95
83462,Mehra,Accounting,55
67725,Yamamoto,Pol. Sci.,35
5393,Clemens,Mech. Eng.,4
34422,Nakajima,Mech. Eng.,86
17128,Chuon,Civil Eng.,81
81883,Perei,Marketing,124
87965,Reiss,Accounting,17
93653,Mellor,Astronomy,127
70522,Holn,Comp. Sci.,29
48850,Wehen,Biology,14
68070,Cameron,Pol. Sci.,85
50206,Cesaret,Mech. Eng.,102
80254,Mittelm,Languages,122
22396,Wodn,Biology,100
19293,Singhal,Geology,118
67660,Newitt,Biology,64
85910,Levitan,Finance,73
10917,Morales,Cybernetics,54
95574,Pampal,Comp. Sci.,111
13081,Alqui,Languages,112
33349,Peck,Biology,125
19861,Fontana,Civil Eng.,81
30723,Mali,Physics,115
83039,Harmon,Psychology,124
41741,Kato,Languages,94
97400,Noda,Accounting,62
81207,Masri,Athletics,123
23994,Kalisz,Elec. Eng.,75
54672,Thie,Pol. Sci.,44
47001,Correia,Comp. Sci.,63
26147,Richter,Comp. Sci.,115
65987,Morrison,Athletics,98
99250,Khaw,English,14
13826,Sommerfeldt,Pol. Sci.,80
3739,Davy,History,75
10454,Ugarte,Pol. Sci.,120
48053,Macias,Comp. Sci.,0
66813,Spengler,Languages,55
16593,Skuras,Psychology,5
14668,Malinen,Athletics,20
33338,Stead,Psychology,65
45300,Kambayashi,Geology,67
3127,Resa,Psychology,73
40992,Xing,Psychology,93
70310,Ding,Biology,107
46451,Chilu,Pol. Sci.,123
288,Canellas,Astronomy,95
557,Bhat,Math,44
22170,Sugavanam,Physics,41
64164,Zander,Languages,111
74911,Wall,Languages,111
7020,Thoreson,Comp. Sci.,61
78552,Douss,History,90
50386,Bersk,Elec. Eng.,125
48678,Tuomisto,Athletics,121
24442,Greene,Physics,11
89188,Anse,Statistics,77
390,Alkio,Elec. Eng.,65
10663,Okaf,Geology,59
97551,Labaye,Civil Eng.,128
76895,Olro,Accounting,63
85451,Chapman,Languages,70
43989,Makarychev,Accounting,72
99719,Bennett,Accounting,70
19245,Cai,Comp. Sci.,4
36685,Fathi,Accounting,8
57123,Katsik,Cybernetics,46
51997,Nadg,Languages,49
95631,Mauras,Elec. Eng.,42
70452,Al-Hu,Astronomy,18
37219,Poize,Comp. Sci.,45
59530,Poulin,History,64
61737,Kissel,Finance,86
33645,Kawakami,Comp. Sci.,129
3143,Haddad,Geology,55
78792,Ram,Mech. Eng.,102
10076,Duan,Civil Eng.,105
59553,Schoenfl,Mech. Eng.,110
57666,Fries,History,96
22004,OBrien,Geology,106
38668,Spector,Elec. Eng.,97
43130,Yong,Comp. Sci.,123
36263,Souza,Civil Eng.,58
99271,Soricu,Math,70
69850,Alexandri,Finance,80
59397,Williams,Statistics,126
61127,Tuki,Physics,30
30299,Marsh,Geology,38
57962,Aarde,Statistics,22
88169,Schroeder,Cybernetics,106
27094,Gur,Geology,120
39115,Boulah,Civil Eng.,2
84189,Kuwadak,Statistics,119
79892,Chiari,Cybernetics,76
95046,Mercank,Astronomy,100
34386,Hagedorn,History,98
82646,Nirenbu,Biology,0
31086,Zulueta,Psychology,125
85226,Vicentino,Psychology,18
32490,McCracken,Comp. Sci.,117
39704,Frank,Statistics,31
80610,Nakamura,Physics,79
18675,Araya,Statistics,82
47630,Odell,Cybernetics,77
36102,Szendrei,Cybernetics,109
22620,Lykin,Accounting,18
39157,Loull,Accounting,0
86327,Moscarini,Marketing,31
84865,Fernandez-Gonzalez,Finance,20
83557,Khalil,Psychology,95
7490,Giuffrida,Math,39
94178,Bengtss,Psychology,47
99660,OMalley,Civil Eng.,128
57511,Pulido,English,78
56941,Swain,Astronomy,17
77415,Morales,Astronomy,102
99754,Califieri,Cybernetics,55
81550,Harada,Elec. Eng.,98
79911,Corr,Physics,117
82082,Towsey,Statistics,12
58846,Fengl,Pol. Sci.,66
11076,Prasad,Pol. Sci.,114
7204,Halbert,Biology,83
73165,Fox,Statistics,19
1737,Shinagawa,Biology,118
12979,Hammond,Elec. Eng.,5
57334,Roeder,Math,70
1827,Westbrook,Civil Eng.,61
29390,Aufr,Geology,49
31302,Qian,Geology,110
77231,Roschew,History,38
36126,Fung,Astronomy,47
45200,Kitagawa,Elec. Eng.,125
99463,Jacobi,Statistics,19
79170,Lingamp,Cybernetics,28
12216,Griffiths,Cybernetics,94
64593,Kamez,Mech. Eng.,8
30177,Vajapeyaz,Pol. Sci.,41
15074,Kirtane,Physics,36
5005,Cesaret,Civil Eng.,15
99348,Tobin,Finance,85
82591,Pomy,Mech. Eng.,92
53089,Vedag,English,98
24630,Halbert,Geology,66
71387,Tleu,Civil Eng.,69
61354,Barranco,Mech. Eng.,129
10481,Grosch,Astronomy,39
39310,Ploski,Comp. Sci.,64
16297,Sacchi,Marketing,44
72622,Kashima,Cybernetics,54
92965,Mesne,Biology,26
89104,Mitsuhashi,Biology,54
13408,Bromley,Elec. Eng.,81
66229,Qvi,Civil Eng.,128
87280,Kim,Pol. Sci.,67
73206,Maw,Cybernetics,36
24387,Yap,History,29
32744,Robins,Finance,40
39204,Castle,Civil Eng.,27
42298,Fournier,Biology,61
53588,Schwet,Languages,100
90004,Unay,Astronomy,81
12563,Stone,Marketing,66
55000,Levitan,Biology,103
1110,Tzeng,Civil Eng.,23
55170,Ivanov,History,22
56080,Zamani,Geology,127
61065,Jovicic,Civil Eng.,31
107,Shabuno,Math,19
11453,Yamashita,Astronomy,109
53805,Ludwig,Cybernetics,30
39241,Solar,Mech. Eng.,64
32886,Damas,Psychology,58
40080,Llam,Civil Eng.,6
22142,Gerstend,History,22
94257,Unger,Languages,12
75513,Griffin,Statistics,12
99268,Makarychev,Elec. Eng.,115
20084,Adda,Accounting,13
51868,Guthk,Pol. Sci.,109
7287,Tadjo,Cybernetics,116
35588,John,Civil Eng.,31
83170,Ariav,English,43
14596,Vekk,Biology,105
23794,Sokolov,Pol. Sci.,13
78332,Ohki,Pol. Sci.,76
49339,Snif,Civil Eng.,107
40677,Ponnambalam,Civil Eng.,127
90220,Iacovoni,Elec. Eng.,113
95029,Oliveira,Astronomy,17
83728,Kaminsky,Biology,38
67033,Yun,Marketing,59
87785,Liepelt,Pol. Sci.,122
4345,Resa,Languages,125
96085,Wood,Accounting,70
64249,Kalantari,Mech. Eng.,102
53803,Okaf,Civil Eng.,89
27956,Watzel,Psychology,53
24796,Thimm,Pol. Sci.,18
4449,Gilliam,Biology,99
77364,Lacruz,Elec. Eng.,59
70384,Shevade,Cybernetics,45
18007,Chanon,Biology,90
51723,Lagendijk,Comp. Sci.,99
56486,DeMil,Pol. Sci.,110
70359,Lorinczi,Cybernetics,63
18234,Nirenbu,Pol. Sci.,19
34322,Baba,Biology,74
24325,Ãlvarez,Cybernetics,50
83444,Vieira,Mech. Eng.,115
93814,Smoro,Marketing,19
80912,Homyk,Biology,16
70099,Zhiyong,Languages,86
64945,Gall,Mech. Eng.,6
81789,Urwin,Biology,25
38271,Kosken,Cybernetics,100
87784,McCracken,Astronomy,64
46436,Richardson,History,52
20195,Finney,Mech. Eng.,7
31080,Aschoff,Athletics,88
85887,Stoltzfus,Mech. Eng.,15
85234,Dubu,Finance,69
1460,Martinsen,History,55
30650,Chaudhuri,Languages,101
6474,Rossettin,Civil Eng.,85
67051,Labroc,Statistics,70
58300,Lum,Mech. Eng.,8
64192,Pradhan,Physics,86
84727,Hennig,Languages,108
39881,Herman,Athletics,85
3163,Riera,Biology,55
72643,Castle,Athletics,49
66008,Szczerban,Languages,25
76291,Dellwo,Physics,30
92274,Caporali,Pol. Sci.,12
16075,Wolter,Pol. Sci.,45
30334,Arakawa,Physics,37
75123,Chowdhury,Physics,92
35042,Nives,Comp. Sci.,38
99073,Bartels,Comp. Sci.,6
68280,Shuming,Languages,123
80976,Mozayani,Elec. Eng.,34
68554,Larsson,English,60
99949,Samo,Astronomy,125
71287,Damas,Marketing,59
73268,Yagit,Civil Eng.,67
93708,Steines,Psychology,99
29399,Sutter,Marketing,38
14284,Takeshi,Athletics,32
80247,Rueda,Mech. Eng.,17
86344,Kaar,Accounting,49
54728,Seta,History,50
86375,Loher,English,110
64401,Larion,Elec. Eng.,42
9183,Sutter,Athletics,44
71529,Fredrickso,Elec. Eng.,12
65433,Stratulat,Math,123
89051,Dubink,History,65
90448,Godfrey,English,120
90082,Esparza,Astronomy,62
25362,Simmel,Psychology,117
74509,Tanzi,Civil Eng.,76
20445,Laak,Marketing,4
40059,Montilla,Astronomy,16
60867,Poulin,Finance,5
28128,Crick,Comp. Sci.,111
28518,Catani,Cybernetics,20
17086,Hazemi,Math,90
91132,Sud,History,57
29260,Verhoeven,Physics,25
29707,Gaspar,Statistics,68
85746,Wilks,Pol. Sci.,5
54605,Yoshioka,Elec. Eng.,50
78922,Koltso,Astronomy,20
76173,Jovicic,Elec. Eng.,127
6304,Tamura,Cybernetics,122
98120,Furukawa,Physics,33
6195,Hartmann,Finance,20
33837,Nicol,Psychology,37
86833,Viani,Psychology,86
28829,Reiss,Physics,113
82974,Duncan,Cybernetics,111
39114,Kerz,English,18
53485,Rowe,English,70
8603,Piedrah,Pol. Sci.,64
7973,Breed,English,64
34502,Farr,Pol. Sci.,8
69853,Boken,Statistics,55
70389,Paulk,History,93
75423,Oller,Elec. Eng.,79
26881,Markin,History,110
19848,Tiwari,Comp. Sci.,96
5017,Reuter,Statistics,60
33094,Fakin,Accounting,69
25468,Hunter,Comp. Sci.,49
75928,Yoshimoto,Cybernetics,52
94522,Pampal,Civil Eng.,41
30289,Lanfr,History,72
54296,Osinski,Elec. Eng.,91
12069,Skeen,History,10
89059,Juan,Civil Eng.,62
38336,Sagawe,Civil Eng.,39
98563,Yen,Languages,74
19541,Drews,Marketing,1
95366,Isogai,Cybernetics,33
69758,Baroni,Pol. Sci.,57
98690,Neru,Accounting,41
66494,Shevade,Biology,62
65205,Sauer,Accounting,128
11682,Juol,Athletics,126
36265,Kaupp,Physics,98
14432,Whitley,Geology,2
63860,Bayn,English,106
50969,Terauchi,History,119
95089,Zarpell,Mech. Eng.,111
74840,Schill,Biology,116
29002,Duxbury,History,29
37809,Soni,Geology,38
27727,Duong,Finance,115
66469,Komori,History,105
31486,Okubo,Elec. Eng.,72
95099,Chien,Accounting,81
57083,Gray,Pol. Sci.,107
83622,Achilles,Elec. Eng.,57
68278,Becker,Psychology,83
87651,Liang,Math,67
8426,Harass,Pol. Sci.,67
88793,Sakhno,Mech. Eng.,77
60249,Nishida,Geology,83
65144,Butler,Marketing,121
91091,Ockerb,English,105
8252,Breuer,Civil Eng.,13
82126,Koizumi,Math,103
13290,Bonatto,Biology,83
85356,Kocsis,Marketing,68
5871,Carey,Athletics,70
59290,Morris,English,120
5414,Aiken,Pol. Sci.,118
30124,Alfaro,Math,126
21008,Pavlovico,Mech. Eng.,44
69732,Barbosa,English,76
19450,Asahara,Cybernetics,37
55915,Mohamed,Civil Eng.,78
14621,Azevedo,Astronomy,17
22003,Ibah,Elec. Eng.,48
16631,Stratulat,Biology,20
51549,Rao,Mech. Eng.,87
95284,Hands,Physics,25
60366,Kostie,Statistics,106
99369,Klingenb,Comp. Sci.,57
50873,Beck,Marketing,33
36244,Neuhold,Accounting,50
58874,Ray,Physics,109
82687,Cameron,Athletics,77
2423,Giralt,Accounting,114
62429,Dietzsch,Psychology,111
93631,Sendlm,History,71
29705,Stetson,Finance,76
52076,Noda,Astronomy,85
53451,Hasan,Physics,83
69730,Peip,English,12
56276,Lansi,History,122
23311,Brunet,Languages,83
21086,Held,Math,97
61003,Pietkiewicz,Math,88
27950,YÃ¼ksel,English,74
50583,Ng,Finance,113
40276,Konstantinides,Mech. Eng.,37
15487,Januszewski,Athletics,14
83592,Benkov,Accounting,33
46970,Rafiq,Athletics,31
30188,Ahmad,Marketing,126
64934,Halbert,Psychology,38
99694,Beckert,Statistics,119
79534,Martel-,Statistics,11
57156,Haigh,Math,120
41894,Ortmann,Civil Eng.,89
69679,RamÃ­rez,Accounting,7
62795,Conradie,Pol. Sci.,63
34331,Kacpr,Accounting,59
4645,Ryoo,Finance,65
70395,Ballew,Physics,128
69222,Albuquerque,Math,18
22254,Gordon,Statistics,75
51817,MacIntyre,Physics,51
66495,Michel,Statistics,82
72501,Mulet,Elec. Eng.,93
7390,Stone,Accounting,30
28538,Mathur,Statistics,97
68649,Klug,Pol. Sci.,49
15249,Cheah,Accounting,1
98984,Seraphin,Mech. Eng.,43
35198,Loc,Civil Eng.,87
67017,Westervelt,Physics,102
27919,Hubr,Athletics,124
46762,Bier,Comp. Sci.,71
98843,Julier,Cybernetics,85
14094,Miao,Comp. Sci.,45
79589,Schopp,Elec. Eng.,104
94371,Milner,Athletics,120
25528,Sivew,Elec. Eng.,40
7620,Potry,Mech. Eng.,107
43658,Meneses,Astronomy,87
65714,Hughes,English,19
37339,Warren,Psychology,68
38555,Vogt,Elec. Eng.,55
73908,Cruz,Biology,60
4438,Yoshioka,Cybernetics,110
15883,Marques,Math,24
41890,Srivastava,Physics,15
75547,Varadaran,Pol. Sci.,96
89196,KlÃ¶pper,Pol. Sci.,37
52494,Sznajder,Statistics,25
44551,Nguyen,Astronomy,119
61332,Canon,Astronomy,8
37715,Westbrook,Languages,53
68779,Harmon,Athletics,47
71768,Stephenn,Geology,89
72055,Schinag,Languages,7
29514,Michael,Biology,124
62152,Oba,Elec. Eng.,78
66212,Kurt,Finance,113
53048,Keps,Cybernetics,122
4015,Cole,Astronomy,32
67340,Dubu,Cybernetics,38
2970,Montes-y,History,56
27952,McQuillan,History,51
51008,Kandadai,History,107
97629,Awano,Biology,101
31079,Canas,Astronomy,85
57941,Kleinberg,Astronomy,24
30397,Dism,Civil Eng.,116
45826,Teng,Mech. Eng.,70
70299,Hirvas,Athletics,65
9084,Rabu,Finance,87
78116,Xiao,Civil Eng.,65
5250,Ã…strÃ¶m,Finance,49
93508,Graham,Physics,14
30845,Fonseca,Math,19
91442,Ohno,Pol. Sci.,91
75938,Kotsonis,Marketing,71
74672,Eggers,Athletics,24
12078,Knutson,Languages,97
94311,Napoletani,English,40
94697,Pettersen,Geology,105
50702,Harders,Math,63
35462,Byrd,Statistics,42
34018,Asahara,Elec. Eng.,103
99775,Epley,Athletics,116
88140,Stanko,Pol. Sci.,122
46106,Pledg,Astronomy,68
68096,Teo,Elec. Eng.,68
84808,Randers,Psychology,104
97658,Baier,Finance,82
73186,Schweitzer,Psychology,3
50944,Tao,Pol. Sci.,66
53165,Dowey,History,90
86981,Hansch,Cybernetics,3
16885,Biehl,Math,59
2561,Aschoff,Finance,20
96178,Hay,Civil Eng.,84
64731,Yuanq,Languages,13
14023,Deshpande,History,90
47265,Albinal,Comp. Sci.,105
84704,Rammer,Physics,55
69132,Sciore,Statistics,25
49073,Bonvin,English,74
44703,Hsieh,Marketing,5
41211,Fok,Accounting,113
61414,Ohyama,Elec. Eng.,90
38696,Spadon,Comp. Sci.,118
90009,Donofrio,Pol. Sci.,13
97868,Schinag,Athletics,104
17944,Hamarn,Mech. Eng.,5
25380,Vassileva,English,97
85614,Champes,English,87
60984,Emms,Finance,48
84495,Kurata,Psychology,84
19321,Chang,Mech. Eng.,124
99611,Schrefl,Pol. Sci.,22
72485,Wetzel,Finance,33
50267,Spengler,Finance,52
544,Uchiyama,Biology,81
55009,Pohlem,Pol. Sci.,18
45083,Stasko,Marketing,44
67018,Catona,Biology,46
93039,Hau,English,21
75772,Morton,Comp. Sci.,48
60224,Bensaber,Physics,54
41674,April,Biology,46
97435,Winzer,Finance,77
21101,Gotchev,Astronomy,117
76250,Maw,History,57
40682,Rowe,Geology,114
39612,Androutsopoulos,Elec. Eng.,103
14032,Belhadji,Elec. Eng.,0
75791,Keuk,Finance,11
5208,Feyr,Statistics,47
43432,Caporali,Astronomy,77
68453,Kjellmer,Elec. Eng.,102
12711,Malagoli,Physics,97
40932,Rioult,Comp. Sci.,94
6710,Matli,Elec. Eng.,102
91370,Frangeu,Mech. Eng.,9
43912,Papakir,Finance,34
12666,Power,Athletics,118
74460,McWilliams,Statistics,120
99422,Fickl,Civil Eng.,83
95320,Morgan,Mech. Eng.,127
56299,Sadry,Finance,75
84432,Schrefl,Athletics,111
75231,Ravindranath,Statistics,127
94846,Hossain,Cybernetics,103
4004,Tabor,Biology,51
28361,Sorensen,Physics,109
97228,Brzezinski,Mech. Eng.,25
39552,Tsukamoto,Physics,72
38676,Swien,Elec. Eng.,48
94814,Kee,Mech. Eng.,73
16035,Starker,English,94
79205,Zander,Geology,115
4682,Betho,Accounting,59
5925,Maw,Languages,30
25187,Fenwick,History,103
19603,Colu,Finance,122
41491,Beavis,Comp. Sci.,15
99764,Lv,Marketing,104
50537,Felling,Mech. Eng.,20
67793,Pigd,Mech. Eng.,45
47487,Villa,Finance,72
19362,Linden,Finance,123
25942,Leclercq,Mech. Eng.,23
39238,Kyriakopoulos,Pol. Sci.,90
65979,Chenu,Comp. Sci.,22
22086,Ockerb,Athletics,23
37734,Kamata,Civil Eng.,68
17911,Audeh,Biology,92
87831,Turunen,Psychology,128
12214,Morales,Languages,51
20378,Lomi,Languages,3
11083,Kerridge,Statistics,113
57377,Soricu,Elec. Eng.,40
35881,Ã–zel,Cybernetics,99
34542,Basile,Physics,25
91978,Pourkas,Cybernetics,128
87048,Gani,Mech. Eng.,10
64820,Hendrickson,Geology,79
57474,Coddington,Accounting,110
53496,Cashman,Marketing,27
87193,Pinkus,English,25
847,Yamaguchi,Elec. Eng.,105
42388,Nikut,History,87
62749,Giroux,Math,49
41988,Gall,Languages,12
85680,Krohn,Mech. Eng.,93
82083,Peeri,English,58
65056,Kean,Astronomy,76
3639,Story,Statistics,73
37038,Grieng,Math,114
9933,Pircher,Geology,90
65190,Dumas,Accounting,77
15328,Chien,Statistics,129
59455,Lowenstein,English,110
49873,Nikut,Athletics,85
82039,Hendrickson,Astronomy,37
20974,Hawkins,Mech. Eng.,127
56089,Mezzar,Marketing,109
86573,Schauser,Physics,107
38712,Kreutz,Elec. Eng.,29
42991,Kaiser,Languages,126
28019,Cayto,History,38
13023,Serrano,Marketing,108
31761,Jame,Pol. Sci.,57
56882,Browne,Comp. Sci.,24
34788,Barkov,Civil Eng.,35
17607,Ould,Athletics,115
48776,Wall,Statistics,58
78758,Chakraborty,Geology,7
77218,Lohman,Finance,51
4034,Xie,Elec. Eng.,64
50658,Cayto,Civil Eng.,56
76057,Sakanushi,Comp. Sci.,2
96067,Sugavanam,Civil Eng.,113
24784,Jessup,Comp. Sci.,126
31560,Neld,Languages,13
32345,Chormo,Biology,38
76799,Monger,Statistics,63
37454,Frasinc,Biology,109
30943,Botha,History,65
16405,Rahman,Languages,5
95850,Schrefl,Comp. Sci.,13
26619,Matsukawa,Biology,58
17997,Ishikawa,Languages,128
26427,Ende,Finance,129
73213,Fall,Psychology,64
93366,Gault,Cybernetics,29
33882,Borutz,Civil Eng.,3
37818,Jiao,Civil Eng.,66
21102,He,Biology,121
76798,Clifford,Languages,43
31820,Riahi,Athletics,51
63489,Enokib,Comp. Sci.,81
51955,Tompa,Finance,106
71631,Scheine,Astronomy,87
48009,Lopes,Pol. Sci.,36
51678,Klivansky,Pol. Sci.,49
73602,Richardson,History,119
11530,Ng,Marketing,92
32376,Nakajima,Astronomy,8
80799,Almeida,Finance,106
40178,Greene,Mech. Eng.,93
58701,Hampp,Geology,44
46655,Advani,Athletics,112
93043,McQuillan,Marketing,42
1402,Oswald,Comp. Sci.,12
29462,Daues,Pol. Sci.,88
49701,Read,Civil Eng.,33
96968,Mohamed,Mech. Eng.,118
89551,Shapiro,History,127
32483,Atre,Math,114
39472,Soper,Elec. Eng.,62
88045,Jackson,Languages,126
30474,Paniez,Athletics,55
31476,OConnor,Elec. Eng.,7
95175,Guiho,Elec. Eng.,42
95697,Gruns,Cybernetics,77
37759,Signah,Cybernetics,26
96134,Prince,Languages,121
92464,Enokib,History,47
78434,Ruhe,Psychology,26
44038,Chandra,Civil Eng.,11
43993,Halbert,Math,113
914,Schill,Comp. Sci.,32
19342,Bouzeghoub,Finance,35
13749,Alfaro,Marketing,23
33546,Saguez,Pol. Sci.,53
40116,Joshi,Psychology,23
46980,Roessler,Astronomy,58
31266,Kacpr,Physics,22
65688,Loudn,Mech. Eng.,65
65563,Bawa,Psychology,111
83314,Chow,Accounting,40
39876,Wood,Accounting,14
44706,Bland,English,119
15086,Sun,Physics,74
12615,Tewari,Geology,40
63538,Pulido,History,46
17831,Srivastava,Languages,75
96117,Nisso,English,128
82066,Varghese,Comp. Sci.,11
28738,Birkett,Civil Eng.,94
84515,Levie,Biology,126
90132,Jo,Psychology,11
8192,Verma,Civil Eng.,123
25611,Sve,English,107
50743,Lindner,Biology,83
41683,Pietkiewicz,Biology,20
99553,Strader,Languages,6
22179,Sundho,Statistics,40
65121,Winter,Comp. Sci.,56
52057,Garg,Elec. Eng.,101
931,Tsalidi,English,122
23392,Curutchet,Elec. Eng.,43
33759,Mowbray,Psychology,44
52203,Suwanno,Pol. Sci.,41
78581,Hegde,Finance,41
65241,Riser,Astronomy,96
45359,Zelek,Marketing,79
86001,Meise,English,27
22532,Silverman,History,120
97573,Yusop,Physics,60
90609,Mohamed,Finance,95
16528,Angs,Accounting,24
61920,Marcol,Geology,59
282,Rougemont,Languages,34
85602,Bogdanova,Pol. Sci.,81
62832,Anderson,English,19
78454,Michael,Pol. Sci.,68
30222,Lepp,Accounting,121
28994,Williamson,Statistics,104
39927,Bartels,History,62
74070,Sandberg,Mech. Eng.,119
65208,Farahvash,Civil Eng.,45
2286,Ceze,Elec. Eng.,65
49450,Gotoh,Astronomy,83
83214,Dasd,Biology,35
6287,Makowski,Pol. Sci.,32
86661,Shani,Elec. Eng.,21
68242,Hugo,English,109
42092,Arinb,Comp. Sci.,47
9993,Won,Math,40
89734,Doeschn,Astronomy,66
7732,Osc,Comp. Sci.,98
89312,Marques,Statistics,101
35357,Gradino,English,34
86127,Spikov,Math,27
18775,Pampal,Comp. Sci.,89
24374,Jo,Cybernetics,105
2848,Carr,Civil Eng.,121
78143,Erdem,Astronomy,12
50977,Allen,Elec. Eng.,93
96895,Stelzl,Statistics,94
95626,Tellez,Math,32
22260,Daat,Accounting,8
23224,Kempn,Psychology,81
27528,Probst,Biology,95
71025,Cadis,History,129
36845,Okaf,Math,30
17924,Tavan,Psychology,97
69632,Gibbs,Languages,40
70828,Kaska,Physics,88
27687,YÃ¼ksel,Physics,31
28299,Grange,Languages,120
14869,Palmer,Astronomy,106
11152,Al-Tahat,English,87
17507,Mathur,Mech. Eng.,48
57107,Janssen,Astronomy,36
47670,Xue,Pol. Sci.,55
25718,Seyfert,Athletics,83
67293,Ueno,History,19
41091,Maillet,Geology,66
86674,Peter,Biology,105
23506,Ã…strÃ¶m,Pol. Sci.,109
8022,Heng,Languages,74
97953,Kaneko,Math,110
86934,Berthold,Athletics,35
58172,GeiÃŸl,Astronomy,127
81610,Ching,Languages,0
77172,Klepper,Statistics,64
499,Seike,Elec. Eng.,52
94730,Neff,Geology,101
40371,Trimble,Physics,109
3651,Narayanan,Elec. Eng.,14
85904,Harass,Cybernetics,120
73394,Blasbe,Geology,96
8807,Zacharias,Finance,33
62705,Hoffman,Marketing,86
11578,Kwan,Languages,37
68248,Tillmann,Athletics,83
98315,Saill,Pol. Sci.,65
62754,Durrant,Geology,54
41406,Dahmann,Biology,24
82063,Zeng,Athletics,68
87706,Nakao,Physics,80
20540,Cunha,History,58
69960,RaÃ¯ev,Biology,17
30252,Folkers,Geology,80
70098,Prabhakaran,Biology,61
93986,Zahrani,Physics,73
35685,Usi,History,31
31364,Rieger,Biology,94
36494,Baccou,Psychology,41
32217,Argar,Math,14
69952,MuÃ±oz,Psychology,115
52523,Hobbs,English,14
7149,Xin,Pol. Sci.,120
71878,Hayat,Finance,27
29192,Gomez,Geology,81
79446,Frost,Pol. Sci.,24
77000,Cherchi,Physics,125
1836,Marinov,Elec. Eng.,85
84167,Sakanushi,Comp. Sci.,20
81785,Crues,Civil Eng.,102
1087,Roses,Accounting,73
5617,Souza,Languages,60
53547,Neubert,Mech. Eng.,66
39978,Drig,English,92
60748,Nagal,Elec. Eng.,58
23449,Noda,Cybernetics,94
52385,Higuchi,Astronomy,78
2139,Agarwal,Physics,99
12941,Ren,Marketing,76
72521,Caleff,Mech. Eng.,48
82580,Wyes,Mech. Eng.,103
39394,Reinhardt,History,84
39901,Dellwo,Biology,82
3493,Riser,Geology,16
90353,Bruderm,Astronomy,46
69747,Beichn,Finance,34
39514,Yean,Accounting,65
36995,Sgot,Finance,79
12971,Bumbau,Elec. Eng.,47
76768,Oblak,Pol. Sci.,56
79502,Marongiu,Math,84
63390,Loudn,Cybernetics,41
19824,Savelieva,Physics,7
46769,Kivv,Psychology,85
65400,Horecz,Psychology,49
44258,Steinmetz,Accounting,28
81896,Feldman,Finance,46
79772,Witty,Marketing,4
46155,Kruglyak,Astronomy,67
18709,Agar,Math,65
63502,Xie,Languages,69
39521,Holloway,Accounting,113
51203,Lahtinen,Math,99
96741,Kobayashi,Comp. Sci.,87
38371,Harada,Math,50
59673,Mertens,Astronomy,98
13365,Wolter,Mech. Eng.,55
1000,Manber,Civil Eng.,39
19735,Bishop,Physics,9
34126,Schreitm,Accounting,14
16467,Meyl,Comp. Sci.,92
80248,Satoh,English,74
58634,Choung,Finance,101
51975,Nicol,Languages,127
77548,Krohn,History,45
74796,Vulp,History,108
85981,Kahs,Statistics,91
29645,Oller,History,120
89234,Hird,Civil Eng.,78
94142,Simon,Languages,45
79697,Marquis,Accounting,75
90089,Mohan,Astronomy,28
20244,Abu-B,Marketing,112
37350,Sohn,Physics,49
81638,Chiu,Statistics,30
90914,Grange,Pol. Sci.,38
75395,Moscarini,Psychology,19
42556,Tsantis,Languages,43
10556,Reed,English,79
39619,Dwyer,Mech. Eng.,89
38288,Matsuda,Mech. Eng.,107
20985,Wunderli,History,66
38548,Scibili,Pol. Sci.,88
15698,Dink,Psychology,72
23500,Kinney,Marketing,68
70965,Dooley,Languages,66
76911,Alart,Finance,66
3545,Peskin,Statistics,119
46694,Masamura,Math,118
99977,Englund,Psychology,93
90124,Koppit,Physics,104
95840,Jakobsen,History,127
56143,Yusop,Civil Eng.,86
79469,Jacobs,Math,38
3693,Zafar,Athletics,27
42096,Freib,Biology,10
88472,Lynch,Marketing,12
14874,Singhal,Comp. Sci.,34
978,Salzman,Comp. Sci.,127
33201,Macias,Civil Eng.,61
30161,Grude,Cybernetics,23
46441,Zander,Athletics,18
31035,Arnoux,Civil Eng.,92
67371,Garcia-Ferr,Geology,70
80651,Holz,English,108
43505,Yoon,Statistics,118
35498,Lanfr,Accounting,78
48423,Krone,Pol. Sci.,80
51093,Syng,Psychology,92
78572,Kurt,Comp. Sci.,20
52669,Rayad,Physics,114
87246,Dellwo,Comp. Sci.,15
69122,Epstein,Biology,128
52945,Adeni,Languages,13
52471,Recc,Finance,110
62728,Camme,Biology,107
52929,Hashim,Math,118
85754,Betho,Finance,45
18583,Ma,Finance,74
74974,Lao,Athletics,86
48611,Suppan,Geology,102
63582,Fischer,Pol. Sci.,120
53118,Carvey,Comp. Sci.,120
88887,Wodn,Languages,122
81175,Zelek,Biology,0
69783,Putru,Pol. Sci.,117
14829,Philippe,Accounting,105
53469,Fujii,Astronomy,43
44304,Cox,English,31
48861,Ende,Accounting,54
73411,Schulz,Math,78
95225,Moire,Languages,99
53788,Byun,Astronomy,101
68712,Hill,Civil Eng.,30
52866,Loull,Math,30
5298,Radici,Finance,10
58606,Opitz,Cybernetics,91
76049,Tavan,Cybernetics,112
78858,Abdul-Rahman,Psychology,49
97041,Rajnov,Psychology,22
98388,Nilsson,Math,33
15024,Kawahara,Civil Eng.,10
5243,Bajracharya,Marketing,83
80990,Strzem,Biology,117
77664,Apostolov,Marketing,125
49982,Haigh,Geology,41
87222,Allard,Mech. Eng.,114
35523,Yamamoto,Accounting,15
14499,Axte,Biology,115
33107,Liley,Civil Eng.,16
18108,Brailsford,Cybernetics,107
67655,Kuch,Math,46
95852,Cabr,Athletics,48
50664,Rajnov,Biology,127
59117,Belmes,Astronomy,109
435,Moskow,Languages,32
75596,Sayre,Biology,19
34197,Nestor,Languages,106
66281,Schelten,Civil Eng.,49
86736,Franchet,Finance,94
14484,Langer,Astronomy,62
88308,Reiss,English,19
36657,Ching,English,51
93125,Harders,Physics,47
29140,Reuver,Elec. Eng.,123
85211,Sumi,Athletics,109
23525,DAgostino,Elec. Eng.,128
3005,Ibrahim,Pol. Sci.,73
91197,Manzoor,Geology,110
1285,Szczerban,Pol. Sci.,97
29863,Harmon,Athletics,112
15070,Enokib,Math,65
98047,Takahashi,History,49
87624,Carrera,Civil Eng.,81
38902,Xiang,Math,61
15538,Yeung,Athletics,111
83691,Katehakis,Mech. Eng.,33
89759,Zettel,Mech. Eng.,55
34770,Porter,Languages,111
11202,Heckman,Math,120
65681,Roses,English,17
17665,Tewari,English,62
11966,Kowe,Math,69
21556,Negron,Marketing,60
24002,Russa,Languages,14
75878,Hahn-,Physics,53
52120,Redw,Physics,8
93491,Rees-,History,74
78637,Beeu,Physics,42
9256,Tran-,Pol. Sci.,107
41345,Tola,Finance,17
98726,Mathias,Comp. Sci.,36
5381,Diana,Languages,30
99647,Bellman,English,106
50331,Bullinger,Psychology,9
48247,Gustafsson,History,80
65753,Planti,Geology,12
29091,Ahso,Pol. Sci.,22
72165,Otsuki,Psychology,61
43981,Quimby,Pol. Sci.,87
16057,Wicki,Mech. Eng.,114
88525,Hung,Mech. Eng.,92
16480,Noga,Psychology,5
92849,Flossmann,Astronomy,54
9495,Crimm,Comp. Sci.,68
14581,Vagn,Biology,129
65901,Shishkin,Accounting,120
96203,Olin,Comp. Sci.,87
1954,Frank,Geology,29
66484,Amberg,Mech. Eng.,75
15083,Formisano,Physics,50
48901,Gong,Marketing,57
15340,Silbert,Psychology,39
16515,Suppan,Languages,48
54620,Hancock,Geology,27
15430,Sasso,Psychology,39
27236,Date,Astronomy,105
2201,Sauer,Biology,99
69471,Aly,Astronomy,41
13880,Lazos,Physics,98
827,Das,Languages,98
42960,McGinn,Finance,95
48471,Elias,Languages,90
13217,Liu,Athletics,95
45570,Hoyos,Biology,99
94815,Xiang,Finance,6
1922,Cavalcanti,Athletics,48
51084,Pah,Languages,63
842,Jode,Languages,81
53152,Sayre,Civil Eng.,18
11201,Bianchi,Statistics,0
88577,Smoro,Astronomy,91
22050,Alioto,Physics,108
68010,Blecken,Pol. Sci.,43
10838,Marlet,Accounting,91
59848,Barwin,History,86
7035,Liots,English,23
5463,Reiss,Finance,95
74464,Sulimova,Athletics,76
16969,Hakkinen,Finance,70
62054,Wood,Mech. Eng.,13
50719,Model,Geology,66
41280,Birtz,Finance,83
31341,Rotter,Marketing,32
23475,Cecchi,Athletics,16
55354,Yang,Comp. Sci.,107
50966,Concilio,Finance,95
10269,Hilberg,Psychology,75
92659,Mathias,Biology,98
49792,Petersen,Accounting,38
27140,Fitzpatrick,Marketing,98
993,McGarr,Comp. Sci.,55
58326,Afim,Accounting,100
70924,Rajnov,Civil Eng.,0
71944,Schinag,Mech. Eng.,58
95201,Yang,Psychology,28
52876,Dahmann,Languages,50
58355,Honeyman,Athletics,42
90181,Giannoulis,Biology,23
53799,Okabe,Cybernetics,12
13511,Adam,Cybernetics,15
69521,Greenbaum,Accounting,124
37946,Vrato,Finance,110
15578,Pacie,Elec. Eng.,32
16311,Liao,Accounting,33
56124,Strieg,Civil Eng.,33
63560,Gleit,History,82
75299,Miao,Marketing,82
61356,Vulp,Cybernetics,6
70061,Konno,Comp. Sci.,50
61232,Fukui,Pol. Sci.,48
16523,Redw,Math,117
57238,Rehd,Accounting,33
63645,Mandviwall,Marketing,20
55857,Martin,Languages,74
90041,Barberis,Mech. Eng.,122
68263,Roessler,Languages,69
48165,Asikainen,Marketing,57
23373,Lang,Astronomy,70
5336,Peltz,Math,22
18286,Pang,Finance,110
4860,Penneb,Elec. Eng.,83
68516,Kouan,Mech. Eng.,8
94766,Buril,History,81
72669,Schmitz,Elec. Eng.,126
41596,Abeggl,Finance,51
55286,Kihn,Mech. Eng.,73
10693,Zabary,Statistics,111
50467,Kabir,Athletics,71
21692,Nagal,Accounting,83
8517,Tomkins,Pol. Sci.,100
28133,Evano,Civil Eng.,53
10033,Zelty,Mech. Eng.,60
60406,Sofer,Physics,113
50703,Blanchard,Astronomy,44
98359,Patne,Accounting,105
23992,Thornton,Psychology,58
31554,Fuller,Geology,102
70807,Kreitman,Math,91
4355,Cui,English,127
8457,Christiansen,Mech. Eng.,26
10904,Jerns,History,21
83836,Gifford,Pol. Sci.,64
72657,Hird,Comp. Sci.,129
46035,Kamez,Biology,42
36881,Dalton,Biology,32
79487,Androutsopoulos,Languages,2
48778,Pup,Psychology,107
64039,Aarde,Civil Eng.,120
42565,Hartsk,Astronomy,27
29665,Lykin,Languages,94
83511,Godfrey,Finance,87
45494,Matsush,Geology,105
12173,Thimm,English,60
16993,Akaiw,Accounting,82
62784,Stylian,Biology,65
23344,Fierro-,Math,56
92417,Dubink,Comp. Sci.,92
86529,Leister,Accounting,22
84654,BraÃ±a,Statistics,59
52134,Johnson,Physics,9
90234,Sram,Biology,31
13921,Berger,Math,120
76169,Williamson,Astronomy,123
41832,Curl,History,2
68720,Gordon,Civil Eng.,94
66753,Mazzat,Math,17
13753,Hoshi,Civil Eng.,68
57190,Theuniss,History,73
27804,Brunt,English,75
63449,Sellink,Accounting,39
27017,Trur,Elec. Eng.,11
52291,Wolff,Mech. Eng.,39
80941,Sankappanavar,Math,70
95953,Batano,Comp. Sci.,77
72528,Tuki,Cybernetics,76
61854,Roytman,Psychology,128
91851,Tchuri,History,101
38973,Maglioni,Comp. Sci.,56
83480,Whitten,Psychology,9
13504,Zander,Astronomy,90
19766,Simon,Biology,29
50365,Held,Mech. Eng.,121
43616,Tam,Athletics,15
19917,Hayrapetyan,Languages,121
29849,Solar,Physics,90
85063,Chaney,Mech. Eng.,4
70564,Bouguet,Psychology,13
38121,Zuyev,English,98
14563,Haigh,Comp. Sci.,16
6895,Portillo,Geology,4
3039,Brookh,Languages,47
86969,Wicki,Cybernetics,125
11455,Peyse,Athletics,18
24809,Engeldr,Psychology,23
50414,Landau,Accounting,49
57026,Rotom,Geology,44
69081,Stratulat,Geology,59
7498,Charng,Physics,82
34158,Mantzo,Astronomy,127
15144,Lapio,Statistics,110
88287,Geser,Athletics,61
72006,Jawad,Comp. Sci.,114
49244,Chikar,Psychology,49
14639,Sagiv,Mech. Eng.,26
76604,Ã‡ivi,History,99
80113,Boudjelo,Geology,10
18740,Williamson,Athletics,16
69628,Bouamama,Psychology,124
13757,Bedny,Astronomy,3
36513,Ugarte,Athletics,99
97042,Bhargava,Pol. Sci.,68
46260,Bloom,History,55
29871,Iwasa,Math,75
75082,Havill,Comp. Sci.,119
65715,Novak,Mech. Eng.,37
54875,Feng,Statistics,83
99710,Savolainen,Languages,126
36384,Sandsj,Finance,62
51923,Peterson,Civil Eng.,128
37653,Campbell,Marketing,64
61783,Guyer,Comp. Sci.,102
86552,Martin,Pol. Sci.,78
11855,Mendelzon,Languages,114
43016,Beekw,History,77
11237,Rokhs,Physics,5
96710,Katehakis,Languages,51
27044,Kota,Elec. Eng.,45
25046,Cotterill,Finance,57
62487,Durrant,History,68
49759,Androutsopoulos,Finance,110
65101,Spengler,Civil Eng.,73
64550,Kubo,Statistics,42
25143,Visr,Accounting,11
13495,Srini,Pol. Sci.,34
67560,Sandberg,Geology,63
28316,Rajan,Mech. Eng.,61
47379,Wakamiya,Comp. Sci.,113
56003,Someren,Geology,39
32369,Kaleta,Psychology,34
52187,Fritsch,Math,98
91992,DAtri,Cybernetics,85
71543,Mizuno,Civil Eng.,61
1220,Hito,Geology,42
40937,Petzo,Geology,115
14065,Starker,History,7
43495,Scher,Astronomy,111
26494,Heers,Psychology,28
12362,Zhanr,Civil Eng.,115
41675,Wheeler,Physics,32
78314,Visr,English,14
51579,Holz,Biology,89
2178,Mingoz,Elec. Eng.,41
86707,Houtsm,Marketing,53
56849,Osaka,Accounting,27
6712,Westphal,Math,60
17207,Holn,Astronomy,57
81876,Arora,Biology,106
66259,Schulman,Biology,67
75794,Hons,History,9
77003,Munro,Astronomy,42
31101,Lhomme,Astronomy,110
64196,Rioult,Pol. Sci.,6
14628,Lehtinen,Psychology,47
24197,Andert,Physics,98
3576,Nakanishi,Physics,97
45720,Yeoh,Physics,118
15980,Ross,Athletics,81
34569,Arndt,Accounting,39
73492,Hwang,Mech. Eng.,23
44836,Lanfr,Civil Eng.,75
27366,Ssu,History,83
16250,Uhrig,English,87
10267,Rzecz,Comp. Sci.,5
77244,Benitez,Geology,37
7854,Someren,Pol. Sci.,113
1726,Matsunami,Biology,94
8347,Wunderli,Comp. Sci.,100
83573,Pavlovico,English,81
6209,Baccou,English,74
85849,Aufr,Accounting,56
76224,Neilson,Elec. Eng.,34
7043,Gryts,History,52
70235,Zle,Elec. Eng.,105
47824,Hardt,Astronomy,94
58935,Kimu,Pol. Sci.,31
987,Kasani,Athletics,0
46074,Fong,Finance,56
23270,Bouras,Biology,109
42956,Ram,Physics,60
78481,Clemme,History,23
888,Frost,Geology,77
42625,Holland,Languages,0
43211,Xylo,Astronomy,48
43226,Shoji,Biology,83
53172,Du,Comp. Sci.,28
16133,Orlet,Cybernetics,43
75522,Yin,Biology,109
68330,Soisalon-Soininen,Pol. Sci.,13
53225,Juan,Finance,92
67542,Jones,Civil Eng.,15
8860,Aminian,Finance,13
22198,Read,Languages,101
56212,Rolland,History,98
67514,Psil,Comp. Sci.,25
58919,Schroeder,Languages,60
82707,Hadzilacos,Statistics,0
86641,Dair,Civil Eng.,101
94324,Willson,Geology,120
75534,Simmel,English,93
15283,Williams,Astronomy,0
47677,Tso,Psychology,108
94569,Yip,English,122
90814,Finance,Elec. Eng.,105
63310,Luan,History,102
48660,Emam,Psychology,77
35293,Cao,Languages,89
28004,Savelieva,Finance,17
50038,Urano,Languages,60
25940,Rosenkrantz,Comp. Sci.,117
11126,Englund,Pol. Sci.,76
92332,Nicol,Languages,34
18752,Schulman,Civil Eng.,102
61527,Shwartz,Comp. Sci.,10
32119,Nagashima,Elec. Eng.,12
163,Bandekar,Finance,49
32065,Tapia,Math,90
45436,Ahmadian,Psychology,101
58085,Bic,Pol. Sci.,28
17076,King,Statistics,42
17133,Kang,Civil Eng.,109
36791,Bomme,Elec. Eng.,84
25785,Knezo,Athletics,66
11055,Arnoux,Geology,121
96227,Vulp,Civil Eng.,88
67024,Aufr,Elec. Eng.,62
69307,Gierl,Mech. Eng.,15
23439,Cai,English,101
66969,Sui,Civil Eng.,74
22268,Dang,Astronomy,78
41938,Jordan,History,93
17057,Swartj,Geology,94
92693,Mattor,Athletics,73
49503,Seaz,Finance,105
77130,Tyler,Math,1
7861,Bollen,Pol. Sci.,122
51538,Ang,Geology,8
57787,Alexandri,Marketing,60
75116,Samar,Mech. Eng.,127
81984,Gowi,Mech. Eng.,48
68395,Jessup,History,110
11057,Robinson,Marketing,120
20002,Fournier,Accounting,54
95027,Bauer,Accounting,45
7514,Rical,History,11
88358,Bongio,Astronomy,29
34392,Lauciu,History,20
57538,Albuquerque,Comp. Sci.,100
9114,Swien,Marketing,119
8378,Stenv,English,47
51416,Shan,Psychology,51
71389,Vegt,Mech. Eng.,60
16453,Kanata,Astronomy,78
62226,Brookh,English,39
26028,Birchler,Statistics,47
45817,Herrmann,Psychology,78
48469,Kolodko,Elec. Eng.,113
69230,Masum,Athletics,119
99711,Deshpande,Pol. Sci.,24
26695,Hac,Finance,104
2501,Leitner,Astronomy,70
8819,Lesaffre,Elec. Eng.,1
507,Recc,History,117
80698,Eynd,Languages,29
73328,Stokic,History,36
23457,Shakhnovich,Accounting,48
17996,Karpist,Finance,103
75173,Basturk,Elec. Eng.,54
25552,Calles,Finance,110
63612,Duxbury,Math,71
27898,Holloway,English,81
33401,Campbell,Elec. Eng.,22
49280,Wilson,Psychology,89
66279,Reynolds,Math,91
12326,Watson,Finance,50
32772,Leventhal,English,54
25725,Steeh,Geology,125
89571,Zubai,Comp. Sci.,88
99780,Bravo,English,100
91580,Cabr,Mech. Eng.,96
27043,Garze,Athletics,119
96615,Anty,English,9
39892,Urano,Athletics,92
1232,Marcus,Marketing,110
22467,Dias,Finance,95
88884,Stasko,Elec. Eng.,14
96911,Jamro,English,13
46337,Nagaraj,Cybernetics,83
23110,Sahani,Comp. Sci.,97
60762,Bernstein,Civil Eng.,120
65676,Aufr,Astronomy,93
47025,Jouny,Psychology,72
1812,Chyr,Marketing,47
66763,Wilks,Comp. Sci.,95
52741,Bernhart,Astronomy,50
78911,Shavel,Math,86
33206,McCormack,Civil Eng.,109
15030,Massour,Mech. Eng.,44
11377,Jr,Accounting,100
17676,Michel,Psychology,43
52019,Engen,Athletics,112
64013,Auriche,Elec. Eng.,107
45770,Beekw,Elec. Eng.,97
63288,Stilla,Civil Eng.,19
92949,Retzel,Pol. Sci.,125
83871,Stylian,Languages,92
41671,Valf,Geology,68
645,Kane,Elec. Eng.,58
61444,Vries,Cybernetics,125
85534,Setiawan,Psychology,19
35362,ONi,Statistics,53
22417,McGuinness,Geology,55
5961,Lavina,Geology,79
35257,Ebou,Comp. Sci.,65
65299,Schwarze,Athletics,57
18367,Goodwin,Civil Eng.,95
68396,Klimasauskas,Biology,72
35905,Lima,Athletics,19
45650,Mateo,Marketing,40
27662,Tabarr,Cybernetics,21
25077,Palomo,Cybernetics,82
85575,Lal,Astronomy,15
760,Liedm,Geology,100
67583,Senn,Comp. Sci.,93
63886,Kuo,Biology,12
34055,Orono,Astronomy,115
41973,Werf,Civil Eng.,115
30017,Mateo,History,96
37581,Arndt,Cybernetics,68
62373,Cheed,Accounting,60
57160,Baer,Accounting,81
2967,Stokic,Mech. Eng.,16
5144,Abdellatif,Geology,55
5703,Yasuda,Accounting,23
58170,Lao,Statistics,119
53424,Lemoine,Languages,10
17397,Caleff,Languages,31
77588,Aguilar,Psychology,111
92442,Satoh,Statistics,81
42114,Mezzar,Cybernetics,98
53699,Cordt,Languages,39
22258,Larion,Languages,3
2133,Nardi,Accounting,60
73606,Sachse,Cybernetics,93
63040,Hochri,Astronomy,63
74473,Ledermann,Statistics,22
9659,Sakhno,Cybernetics,67
21552,Bradshaw,Physics,71
45002,Abraham,Psychology,109
57213,Andrew,Math,64
56058,Fettes,Pol. Sci.,128
84792,Angelo,Civil Eng.,81
57185,ShuQ,Psychology,25
75510,Dumont,Physics,114
42560,Amr,Pol. Sci.,80
75252,Huo,Languages,0
82402,Grant,Comp. Sci.,5
17339,Petzo,English,58
77148,Hinik,Pol. Sci.,35
11419,Geronimo,Civil Eng.,66
37869,Beeu,English,109
28977,Chatterton,Psychology,73
28989,Albinal,Astronomy,107
92867,Khene,Languages,69
92703,Makinen,Cybernetics,29
17600,Peter,Languages,47
32464,Kinney,Accounting,5
71426,Flecker,Languages,38
8343,Shoji,History,108
41261,Hubr,Physics,32
58469,Lutes,Athletics,64
36303,Nair,Mech. Eng.,46
30164,Ende,Athletics,114
29920,Kogure,Psychology,62
30858,Shaffer,Physics,42
88801,Fonseca,Athletics,102
57780,Trezz,Athletics,86
21246,Rais,Civil Eng.,52
34957,Kalogerou,Elec. Eng.,71
61998,Sohn,Civil Eng.,22
56598,Carey,Cybernetics,58
463,Houtsm,Physics,78
81245,Mandviwall,Languages,35
21100,Juchn,Physics,51
56,Kameda,Cybernetics,81
64121,Mansint,Math,115
20489,Shuming,History,2
10834,More,Geology,126
63289,So,Psychology,0
9953,Wilks,Biology,45
78782,Sherman,Math,104
5399,Chun,Pol. Sci.,25
1367,Ignj,Math,69
30896,Rueda,Comp. Sci.,61
12236,Bricker,Accounting,116
89297,Cacciari,Astronomy,70
52656,Phillips,Psychology,6
18859,Rubio,English,21
17377,Pisini,English,67
50039,Kurt,Statistics,126
78756,Dai,Athletics,93
3833,Hayat,Biology,53
47627,Warren,Statistics,54
65438,Saad,Comp. Sci.,13
8912,Brenner,Languages,14
22912,Sendlm,Geology,63
99289,Morales,Finance,80
63039,Wagner,Athletics,69
20180,Reyes,Languages,44
35687,Letouzey,Accounting,58
28409,Hirasawa,Geology,66
56078,Soltys,Geology,70
48589,Martyno,Mech. Eng.,73
7956,Brandsd,Statistics,110
16347,Morimoto,Mech. Eng.,2
75362,Christodoulakis,Pol. Sci.,13
57242,Chatfield,Physics,108
71085,Giannoulis,Elec. Eng.,10
89132,Janssen,Geology,104
79763,Ikeda,Comp. Sci.,123
41818,Wari,English,9
667,Goldman,History,19
82970,Peip,Mech. Eng.,48
68150,Kim,Math,3
63243,Dostal,Comp. Sci.,68
18338,Kangs,Physics,9
51862,Carrillo,English,105
19203,Koch,Physics,88
78892,Kei,English,43
67657,Beeu,Languages,106
71628,Amann,Psychology,60
43854,Gau,Astronomy,47
123,Wingb,Civil Eng.,86
5943,Rubio,Math,28
56139,Schelten,Elec. Eng.,82
45680,Kiltz,Cybernetics,88
76759,Masum,Mech. Eng.,83
26802,Baber,Comp. Sci.,27
83747,Gregory,Mech. Eng.,51
35935,ODono,Languages,3
8957,Walker,Athletics,50
40481,Zettel,Civil Eng.,74
44352,Itoh,Athletics,101
73072,Akroy,Comp. Sci.,48
96206,Koic,Math,53
8843,Papakir,Biology,95
41299,Siebers,Civil Eng.,23
13403,Latour,English,82
65703,Goldman,Comp. Sci.,37
49205,Agraz,Pol. Sci.,82
22345,Wecker,Pol. Sci.,76
39254,Elme,Statistics,103
80742,Lucas,Geology,87
94726,Ailamaki,Accounting,47
77361,Neuhold,Physics,14
52856,Grange,Physics,117
64138,Doran,Biology,99
89414,Feldman,Marketing,34
22618,Voss,Pol. Sci.,101
98870,Kun,Cybernetics,43
77234,Hayrapetyan,Geology,93
56057,Hull,Statistics,112
32881,Bagato,Civil Eng.,77
92776,Oki,Psychology,0
82301,Conti,Marketing,129
29959,Narli,Physics,56
30182,Porr,Cybernetics,71
96324,Sudirm,Accounting,84
56232,Perozzo,Geology,48
53047,GeiÃŸl,Mech. Eng.,46
87015,Pottos,Accounting,90
55329,Vyborny,History,15
21394,Patel,Finance,115
61166,Kangs,Astronomy,73
74530,Ranno,Physics,103
99189,Shelest,Pol. Sci.,35
34170,Chan,Comp. Sci.,77
19220,Hayashi,History,77
73542,Dooley,Geology,8
97590,Rammer,Comp. Sci.,17
15613,Umehara,Marketing,41
78767,Marlet,Geology,6
51553,Willis,Finance,121
9947,Bouzeghoub,Biology,38
95260,Yannakakis,Statistics,109
87268,Koenig,Languages,82
35,Glaho,History,110
99451,Bradshaw,Statistics,79
65396,Rossos,Marketing,75
98140,Ratcliff,Statistics,5
62520,Im,Astronomy,105
40044,Jode,Mech. Eng.,108
78787,Rissanen,History,57
85308,Yihn,Accounting,20
85809,Andert,Geology,99
30021,Youseffi,History,90
54153,Kammerer,Mech. Eng.,25
73387,Baccou,Cybernetics,70
83003,Nam,Psychology,30
13211,Diab,Civil Eng.,66
20803,Mercurio,History,129
6990,Hoshi,Biology,25
2629,Goldbu,Languages,4
83398,Quinta,History,58
6673,Bernhart,Math,84
81294,Massey,Mech. Eng.,111
81566,Farr,Geology,68
94620,Sarnak,Accounting,100
57456,Stauf,Statistics,89
17424,Zouao,English,75
34195,Bosnjak,Astronomy,120
94836,Fuller,English,13
16543,Toffoli,History,83
42843,Lin,Mech. Eng.,18
82868,So,Athletics,105
18499,Peter,Biology,21
50013,Milanic,Math,76
53077,Brandt,History,87
87439,Scheffer,Comp. Sci.,93
40738,Dima,Finance,88
13352,Gorsky,Athletics,53
9605,Beeu,Pol. Sci.,61
53490,Reina-,Languages,31
57925,Doeschn,Languages,58
57055,Piou,Physics,0
21009,Geon,History,118
8140,Paddock,Comp. Sci.,53
37284,Benabd,Physics,74
97023,Bulash,Psychology,48
5920,Godfrey,Marketing,125
91915,Cacciari,Geology,126
25780,Ashmi,Accounting,95
26473,Neru,Accounting,75
43032,Tanaka,Biology,84
30110,Humphrey,Athletics,2
88302,Yarmush,Marketing,64
83002,Ladu,History,99
83136,Caporali,Comp. Sci.,61
61364,Bhavs,History,8
50598,She,Psychology,52
83696,Denso,Cybernetics,94
33791,Wood,Civil Eng.,92
61403,Tanno,Finance,44
66356,Xi,Elec. Eng.,44
12683,Sin,Accounting,115
66106,Malagoli,Finance,18
77729,Lui,Psychology,26
52750,Saito,Mech. Eng.,12
25256,Boulah,Astronomy,83
3640,Karniel,Athletics,41
22325,Oevers,Statistics,77
26730,Veselovsky,Psychology,68
70918,Holland,English,23
91616,Hoffman,Astronomy,100
69285,Zaharak,Athletics,36
42688,Palma,Biology,54
24932,Segars,Civil Eng.,78
33817,Vagn,Geology,95
53185,Yuanq,Accounting,25
85445,Bocchi,English,18
58081,Pelletier,Comp. Sci.,100
75560,Tabor,History,129
80821,Morris,Math,102
19536,Bhattacharya,Math,92
27002,Veerar,Statistics,5
39925,Preuss,Civil Eng.,32
90194,Busch,Biology,93
32056,Frost,Math,75
67310,Lindner,Elec. Eng.,21
88389,Henriksen,Marketing,5
78469,Xiong,Accounting,14
46450,Tleu,Comp. Sci.,83
86651,Dave,Mech. Eng.,94
5824,Ocel,Cybernetics,121
11101,Glaho,Cybernetics,119
57431,Holloway,Civil Eng.,2
96193,Yasuda,English,19
55531,Apostolov,Physics,85
17192,Carroll,Pol. Sci.,75
86075,Juchn,Biology,101
81150,Atkins,Cybernetics,99
44206,Gilmour,Comp. Sci.,75
67222,Andrews,English,91
47126,Bakirc,Comp. Sci.,56
67407,Yoneda,Biology,115
20814,Cheed,Marketing,42
25331,Baker,Accounting,68
83838,Durrant,Civil Eng.,2
66293,Gibson,English,98
56499,Zarpell,Geology,82
32368,Ouaz,Languages,64
75273,Jia,Civil Eng.,38
67436,LaCo,Physics,56
259,Bertranp,Accounting,105
858,Kashima,Psychology,1
94990,Lykin,English,120
89140,Fabregas,Biology,94
55940,Subbai,Pol. Sci.,31
72768,Queiroz,Mech. Eng.,50
96772,Rieger,Cybernetics,126
25068,Dickens,Civil Eng.,12
96988,Bussel,History,124
44816,Burman,History,67
88417,Mitsuhashi,Athletics,1
11441,Betho,Languages,36
4435,Labroc,Accounting,11
70362,Sicard,English,85
54460,Martini,Math,100
7970,Bartels,Marketing,56
73807,Gubar,Statistics,95
19050,Erdem,Civil Eng.,58
67146,Scherze,Marketing,121
23934,Koizumi,English,59
96246,Tong,Languages,86
21225,Choll,Elec. Eng.,112
18554,Ramaswamy,Psychology,21
38013,Frolova,Marketing,29
98019,Ciepl,Marketing,74
40457,Bouras,History,116
94801,Chakraborty,Civil Eng.,26
65038,Papakir,History,78
4383,Tallis,History,120
36402,Hippu,Athletics,115
9514,Dickson,Geology,112
11195,Shiang,Cybernetics,62
31442,Bessou,Math,63
51698,Sharpe,History,81
18809,Benson,Marketing,20
85505,Wells,History,123
64642,Murdock,Elec. Eng.,39
54612,ZaratÃ©,Elec. Eng.,103
5843,Deng,Athletics,11
90779,Lenhart,Math,24
52371,Boons,Marketing,108
51238,Kran,Civil Eng.,19
62124,Towsey,Physics,105
84039,Sveti,Astronomy,79
24201,Juol,Pol. Sci.,17
31993,Ueda,Comp. Sci.,6
39520,Lui,Astronomy,43
59172,Badran,Astronomy,19
21774,Moh,Physics,38
30957,Beaudry,Cybernetics,38
54610,Tam,Languages,5
72358,Tomason,Math,92
83204,Tauber,Accounting,0
76246,Pettersen,Comp. Sci.,81
80047,Clemme,Astronomy,24
38545,Fok,English,122
8986,Maesf,Pol. Sci.,115
89393,Fischbach,English,21
37103,Walker,Athletics,19
76743,Rani,Comp. Sci.,16
81396,Cordt,Finance,7
46066,Hirasawa,Mech. Eng.,92
6729,Heilprin,Marketing,39
90372,Rho,Biology,101
28352,Mai,Pol. Sci.,64
9408,Oberholzer,Athletics,84
15517,Anis,Geology,29
61402,Maity,Mech. Eng.,62
49813,Al-Hu,History,93
72186,Pace,Marketing,106
31250,Kawasaki,Athletics,31
51768,Noga,Athletics,78
18636,Mori,Statistics,23
88993,Palaniswami,Math,51
72177,Eller,Mech. Eng.,30
99760,Sakamoto,Athletics,75
80227,Tsuji,Civil Eng.,47
76270,Qian,History,128
42019,Koch,Finance,53
15726,Neuhold,Finance,27
97694,ODono,Biology,15
16849,Kantors,Geology,117
11262,Foels,Marketing,117
64222,Namer,Pol. Sci.,23
91799,Steinmetz,Civil Eng.,96
10727,Allard,Physics,27
64169,Lucas,Civil Eng.,27
81031,Nanda,Psychology,56
18941,Denecker,History,46
46981,Yalk,Statistics,117
