EMPLOYEE_ID,FIRST_NAME,LAST_NAME,EMAIL,PHONE_NUMBER,HIRE_DATE,JOB_ID,SALARY,COMMISSION_PCT,MANAGER_ID,DEPARTMENT_ID
100,Steven,King,SKING,515.123.4567,1987-06-17,AD_PRES,24000,,,90
101,Neena,Kochhar,NKOCHHAR,515.123.4568,1989-09-21,AD_VP,17000,,100.0,90
102,Lex,De Haan,LDEHAAN,515.123.4569,1993-01-13,AD_VP,17000,,100.0,90
103,Alexander,Hunold,AHUNOLD,590.423.4567,1990-01-03,IT_PROG,9000,,102.0,60
104,Bruce,Ernst,BERNST,590.423.4568,1991-05-21,IT_PROG,6000,,103.0,60
105,David,Austin,DAUSTIN,590.423.4569,1997-06-25,IT_PROG,4800,,103.0,60
106,Valli,Pataballa,VPATABAL,590.423.4570,1998-02-05,IT_PROG,4800,,103.0,60
107,Diana,Lorentz,DLORENTZ,590.423.5567,1999-02-07,IT_PROG,4200,,103.0,60
108,Nancy,Greenberg,NGREENBE,515.124.4569,1994-08-17,FI_MGR,12000,,101.0,100
109,William,Gietz,WGIETZ,515.124.8234,1994-06-07,FI_ACCOUNT,8300,,108.0,100
