STU_NUM,STU_LNAME,STU_FNAME,STU_INIT,STU_DOB,STU_HRS,STU_CLASS,STU_GPA,STU_TRANSFER,DEPT_CODE,STU_PHONE,PROF_NUM
321452,Bowser,William,C,1975-2-12,42,So,2.84,0,BIOL,2134,205
324257,Smithson,Anne,K,1981-11-15,81,Jr,3.27,1,CIS,2256,222
324258,Brewer,Juliette,,1969-8-23,36,So,2.26,1,ACCT,2256,228
324269,Oblonski,Walter,H,1976-9-16,66,Jr,3.09,0,CIS,2114,222
324273,Smith,John,D,1958-12-30,102,Sr,2.11,1,ENGL,2231,199
324274,Katinga,Raphael,P,1979-10-21,114,Sr,3.15,0,ACCT,2267,228
324291,Robertson,Gerald,T,1973-4-8,120,Sr,3.87,0,EDU,2267,311
324299,Smith,John,B,1986-11-30,15,Fr,2.92,0,ACCT,2315,230
